rank_test_score,mean_test_score,std_test_score,params
1,0.87251166481675,0.0028170892999937625,"{""C"": 0.25}"
2,0.866334524738735,0.0038542115452276583,"{""C"": 0.5}"
3,0.8567025802397685,0.003683824950783903,"{""C"": 1.0}"
4,0.8465906421469963,0.003224870617834747,"{""C"": 2.0}"
5,0.835304951528448,0.0024256243926685118,"{""C"": 4.0}"
