{
  "model": "random_forest",
  "status": "success",
  "accuracy": 0.7461187951127062,
  "precision": 0.73398339300678,
  "recall": 0.7745799501567651,
  "f1": 0.7537354298677932
}