feature,importance
negative_word_count,0.3918585261735784
positive_word_count,0.17898942905015447
char_count,0.09158914096232373
avg_word_length,0.09104599475253047
word_count,0.08571411931141137
negation_count,0.07592943865841341
question_count,0.06502661545556963
exclaim_count,0.019846735636018423
