feature,importance
negative_word_count,0.5094656591149395
positive_word_count,0.20977094794849058
question_count,0.06452548053615643
char_count,0.057363518272539785
negation_count,0.05617907719571826
avg_word_length,0.051148493235311086
word_count,0.04226404499214567
exclaim_count,0.009282778704698897
