{
  "model": "tree",
  "status": "success",
  "accuracy": 0.725472801322634,
  "precision": 0.7100022376370553,
  "recall": 0.7652544416753758,
  "f1": 0.7365936702004179
}