{
  "model": "vader",
  "status": "success",
  "accuracy": 0.7003508205976048,
  "precision": 0.6532435740514075,
  "recall": 0.858107564916794,
  "f1": 0.7417908891900344
}